mzstatic_com,298
quora_com,432
360yield_com,508
paloaltonetworks_com,518
slack_com,328
cloudflare_net,74
addtoany_com,453
applovin_com,140
researchgate_net,224
g_page,464
php_net,305
moe_video,280
expireddomains_com,372
dell_com,389
cnn_com,184
walmart_com,440
naver_com,345
amazon_co_uk,277
criteo_com,127
mail_ru,7
dzen_ru,12
duolingo_com,424
soundcloud_com,180
cpanel_net,228
outlook_com,136
b-cdn_net,151
cloudflare_com,5
mi_com,287
steampowered_com,302
dailymotion_com,366
cnbc_com,437
calendly_com,420
snapchat_com,118
indeed_com,409
time_com,511
eventbrite_com,456
ivi_ru,315
stripe_com,271
reg_ru,172
forbes_com,205
azure_com,29
weebly_com,323
springer_com,301
autodesk_com,355
nginx_com,93
bilibili_com,322
miui_com,177
telekom_de,178
sciencedirect_com,219
gitlab_com,466
globo_com,403
mysql_com,485
apache_org,124
nasa_gov,394
youtube_com,8
taobao_com,421
microsoft_com,3
weibo_com,324
huawei_com,383
behindmlm_com,86
flickr_com,168
cloud_microsoft,137
blogger_com,513
qq_com,78
name_com,449
3lift_com,304
nist_gov,145
slideshare_net,360
hcaptcha_com,479
appsflyer_com,276
facebook_com,4
google-analytics_com,84
speedtest_net,471
nih_gov,142
launchpad_net,265
apple_com,9
taboola_com,192
aliyun_com,353
un_org,348
x_com,59
unsplash_com,395
workers_dev,26
0xrpc_io,379
afternic_com,373
inmobi_com,231
teamviewer_com,418
nature_com,316
amplitude_com,490
dropbox_com,129
pixabay_com,435
adobe_io,179
twitch_tv,208
bit_ly,91
cookielaw_org,386
opera_com,88
ipify_org,445
theguardian_com,193
doi_org,233
ft_com,514
sourceforge_net,213
aliexpress_com,393
medium_com,175
icloud_com,48
avast_com,194
wordpress_org,40
ovh_net,537
t-online_de,524
netflix_net,252
dnsmadeeasy_com,283
telegram_me,415
myfritz_net,222
wiley_com,308
doubleverify_com,258
googleblog_com,289
trustpilot_com,446
crashlytics_com,307
github_io,125
vk_com,109
plesk_com,396
amzn_to,482
canva_com,229
mediatek_com,460
skype_com,57
bloomberg_com,354
ubuntu_com,223
zoom_us,83
lencr_org,169
tplinkcloud_com,544
roblox_com,71
ntp_org,60
cloudflare-dns_com,92
www_gov_uk,299
xhamster_com,509
harvard_edu,263
ip-api_com,412
163_com,419
roku_com,230
amazonvideo_com,134
europa_eu,116
dropcatch_com,291
office365_com,87
steamcommunity_com,426
behance_net,486
whatsapp_com,52
stackoverflow_com,502
discord_com,170
issuu_com,314
supercell_com,477
wikipedia_org,28
sina_com_cn,539
tiktok_com,65
github_com,32
hp_com,264
debian_org,317
nginx_org,80
amazon_co_jp,549
tp-link_com,369
t_me,115
sberbank_ru,476
duckduckgo_com,469
ampproject_org,294
cornell_edu,343
vungle_com,183
gandi_net,66
cookiedatabase_org,429
smartadserver_com,326
gravatar_com,130
bsky_app,519
googledomains_com,77
intel_com,535
meraki_com,236
one_one,141
grammarly_com,400
bbc_com,212
dreamhost_com,595
duckdns_org,570
visualstudio_com,507
amazon_de,413
timeweb_ru,579
chatgpt_com,189
cloudns_net,363
checkpoint_com,341
docker_com,525
whatsapp_net,37
tradingview_com,319
goodreads_com,448
who_int,250
sharethrough_com,474
berkeley_edu,561
google_com,1
oxylabs_io,246
tumblr_com,153
msn_com,61
shein_com,529
shopify_com,167
free_fr,593
ieee_org,602
fbcdn_net,20
nypost_com,609
tandfonline_com,550
squarespace_com,603
ui_com,96
casalemedia_com,235
intercom_io,583
2gis_com,584
crpt_ru,434
mikrotik_com,340
amazon_com,21
trendmicro_com,558
hubspot_com,251
ietf_org,441
epicgames_com,113
samsung_com,85
stanford_edu,357
statista_com,427
sentry_io,104
noaa_gov,564
intuit_com,123
deviantart_com,534
sohu_com,510
media_net,303
imdb_com,234
rt_ru,608
digitalocean_com,576
amazonalexa_com,384
kaspersky_com,155
baidu_com,90
wyzecam_com,239
onetrust_com,605
yandex_net,76
digicert_com,39
telekom_net,520
spotify_com,64
target_com,555
paypal_com,164
lijit_com,582
temu_com,385
netangels_ru,431
ok_ru,300
mailinabox_email,186
aboutads_info,589
booking_com,216
creativecommons_org,203
hostgator_com,423
pubmatic_com,188
byteconnect_io,586
businessinsider_com,398
yieldmo_com,610
firefox_com,495
rakuten_co_jp,571
espn_com,374
hotjar_com,562
giphy_com,473
fandom_com,574
wix_com,552
branch_io,572
icloud-content_com,512
cnet_com,581
ca_gov,587
go_com,329
tinyurl_com,274
yelp_com,592
vimeo_com,68
uk_com,563
weather_com,238
pinterest_com,46
android_com,209
atlassian_com,601
scorecardresearch_com,244
rubiconproject_com,165
yahoo_co_jp,475
nvidia_com,371
jquery_com,536
ya_ru,560
forter_com,311
loc_gov,580
notamedia_ru,465
yandex_com,256
sharepoint_com,53
eset_com,455
fastly_net,38
launchdarkly_com,350
dynatrace_com,546
ebay_com,232
imgsmail_ru,501
he_net,516
oup_com,556
vk_ru,390
imgur_com,588
nic_ru,82
capcut_com,542
quickconnect_to,573
britannica_com,575
drom_ru,296
cdc_gov,332
dns_google,120
archive_org,146
eurofins_com,569
ikea_com,596
linkedin_com,18
markmonitor_com,541
mts_ru,202
line_me,461
w3_org,185
ibm_com,288
telegram_org,402
cisco_com,241
arxiv_org,585
indiatimes_com,496
braze_com,566
vivoglobal_com,377
wikimedia_org,275
pages_dev,416
rutube_ru,515
playstation_com,554
verisign_com,590
windows_com,99
adsrvr_org,201
consultant_ru,567
scribd_com,498
gmail_com,227
wa_me,79
erome_com,591
mit_edu,226
openai_com,290
usatoday_com,522
instagram_com,11
bing_com,36
cbsnews_com,619
dotomi_com,671
mediafire_com,688
ted_com,642
shopee_com_br,654
spiegel_de,699
mixpanel_com,750
hostgator_com_br,617
appcenter_ms,704
anydesk_com,714
zoho_com,763
me_com,773
google_co_uk,656
gumgum_com,723
amazon_in,689
freepik_com,713
hihonorcloud_com,652
surveymonkey_com,614
onlinepbx_ru,684
substack_com,613
jotform_com,640
zillow_com,717
g_co,625
rackspace_com,675
appspot_com,743
ring_com,681
tapad_com,674
pinimg_com,663
unesco_org,697
bidmachine_io,740
deepl_com,647
bugsnag_com,734
360_cn,712
no-ip_com,725
xvideos_com,735
fb_com,685
sagepub_com,709
deepintent_com,643
cambridge_org,673
amazon_it,754
wp_pl,692
networkadvertising_org,751
viber_com,624
force_com,631
service_gov_uk,690
vkontakte_ru,745
withgoogle_com,633
amazon_fr,644
newrelic_com,646
klaviyo_com,661
stripchat_com,759
33across_com,758
conviva_com,632
prnewswire_com,762
outbrain_com,662
mega_co_nz,630
lemonde_fr,705
amazon_ca,659
fontawesome_com,637
avito_ru,668
elpais_com,648
newsweek_com,653
teads_tv,783
mdpi_com,649
asus_com,702
brave_com,618
amazontrust_com,737
vivo_com_cn,747
banco_bradesco,6574
kampyle_com,8124
docsend_com,6314
core_ac_uk,6515
spacex_com,5340
mo_gov,5387
welt_de,824
doubtnut_com,2041
delhivery_com,8528
washington_edu,799
princeton_edu,850
linode_com,802
rylmtch_com,5120
ngrok_com,7228
synology_com,813
brown_edu,3678
nbcnews_com,815
thespruceeats_com,7913
delgarm_com,1526
moloco_com,821
agoda_com,842
unpkg_com,834
livejournal_com,810
wnacg_com,1489
ssl_com,3341
nic_ai,2585
gdemoideti_ru,796
themeforest_net,825
unrulymedia_com,827
kff_org,7483
readawrite_com,8360
allegro_pl,791
krone_at,5423
hackaday_com,4528
buffalo_edu,5375
ey_com,2536
sex-masry_com,9936
joyclub_de,1521
blick_ch,5305
tum_de,5041
datezone_com,8574
threads_com,808
goguardian_com,2680
sas_com,3548
atom_com,3622
life360_com,795
havadurumu15gunluk_xyz,9349
enlightenment_org,4815
kurnik_pl,9798
disneyplus_com,798
pexels_com,841
prajavani_net,9670
cdek_ru,1712
stocrm_ru,2877
lefigaro_fr,805
lnkd_in,2140
ahajournals_org,4433
vivo_com,1107
flashtalking_com,837
cursor_sh,806
unctad_org,7544
kino-teatr_ru,6931
mayoclinic_org,804
cms_gov,4258
pfizer_com,6636
webempresa_eu,819
www_gob_pe,8669
pornhub_com,830
punchmedia_ru,4812
iso_org,840
spectrum_net,4599
bahesab_ir,8518
hindustantimes_com,846
lichess_org,1189
tportal_hr,7874
lavanguardia_com,3287
frandroid_com,6926
bild_de,845
webmd_com,800
healthline_com,832
primevideo_com,793
qualtrics_com,847
wa_gov,2825
pmi_org,9180
carrd_co,4753
senderscore_com,2655
duosecurity_com,3046
rshb_ru,5507
tawk_to,1772
wikisource_org,2828
parklogic_com,794
talkie-ai_com,4583
snowflake_com,4612
globenewswire_com,1917
singular_net,820
getui_com,4484
maricopa_gov,826
onlyfans_com,831
klook_com,5555
allporncomic_com,7202
wunderground_com,2085
xvideos2_com,1410
ghost_org,4594
nottingham_ac_uk,9831
linkssp_ru,5372
fwmrm_net,838
rtvslo_si,6575
sberbank_com,6978
google_co_kr,3505
fda_gov,792
usps_com,797
citi_com,3267
zaiim_com,9786
flashscore_co,9289
doz_pl,8652
meteociel_fr,3725
javhd_today,8492
wpguardian_io,1054
adidas_com,2613
sbb_ch,3537
twister_porn,8750
justgiving_com,5316
transcend_io,7127
natomanga_com,8398
dewafilm_xyz,9835
thenorthface_com,7659
ves_io,7210
mangooutlet_com,7869
crazyegg_com,2114
2miners_com,4511
vdsina_ru,4873
architecturaldigest_com,4982
blurb_com,8887
newatlas_com,5352
mercadopago_com,5093
pusher_com,1345
xhopen_com,1320
leparisien_fr,1010
udn_com,4259
ig_com_br,7597
dianping_com,3297
iowa_gov,5916
telia_com,6108
dtscout_com,2833
tokopedia_com,2698
uoregon_edu,4117
riyasewana_com,9728
snapp_ir,6719
ecnavi_jp,1652
medal_tv,4296
wuxiabox_com,9318
yolasite_com,4471
wpastra_com,1888
google_co_bw,5674
funplus_com,8963
telecomsvc_com,8063
tchibo_de,7055
guardian_co_uk,2344
fragrancenet_com,6805
youronlinechoices_eu,3171
kia_com,4045
photobucket_com,2189
google_bf,9424
uchi_ru,1129
officeally_com,8261
zalando_pl,7931
filmyzilla28_com,5957
outlookindia_com,4682
matchtv_ru,5273
lego_com,2236
americanbar_org,6540
privacymanager_io,1965
tnh1_com_br,8788
messenger_com,2291
vanderbilt_edu,4140
geny_com,8580
hamyar_in,2164
raspberrypi_com,6039
gofile_io,5003
euid_eu,7571
championat_asia,9480
naurok_com_ua,8974
outsideonline_com,6311
energystar_gov,8957
joins_com,9836
zalando_es,8351
speed-manga_net,9690
ucoz_ru,3647
snigelweb_com,4493
doxygen_nl,4120
bisp_gov_pk,9838
hotpepper_jp,1242
ricoh_com,5890
tass_ru,3706
pravda_ru,4751
cosmopolitan_com,3104
pixad_com_tr,7538
a-ads_com,3585
ruckuswireless_com,9239
techtarget_com,1961
vatanbilgisayar_com,7933
ovh_us,5563
zeturf_fr,9566
rewe_de,6184
betpawa_co_zm,9702
onlinekhabar_com,7940
krakow_pl,9884
nrich_ai,6948
dropcam_com,9901
megatv_com,8954
javtiful_com,8178
arte_tv,4947
folieporno_fr,9857
riverisland_com,6560
jwplayer_com,1932
logicmonitor_com,7736
vanguard_com,2589
khabarpu_com,8812
businessinsider_com_pl,7485
immobiliare_it,1999
getepic_com,6181
player_fm,9321
powerbi_com,2639
boutell_co_uk,4347
thehill_com,2546
innovid_com,2134
zbporn_com,7119
betano_com,6139
uio_no,5564
google_co_vi,5012
parfois_com,8145
digikey_com,6975
uzh_ch,8044
cardekho_com,1401
fwupd_org,9309
thanhnien_vn,6379
oath_com,5089
lootedpinay_com,9939
caranddriver_com,4879
f2pool_com,5650
mimecast_com,3042
startech_com_bd,8306
detyep_com,8778
mofa_gov_sa,8239
principal_com,4645
ekstrabladet_dk,1407
snopes_com,3901
google_ws,9281
maxwinexch365_com,9822
jra_jp,1654
vinted_co_uk,7756
hostpoint_ch,3185
zeit_de,2777
loom_com,3201
index_hr,1388
thescore_com,6199
bbcgoodfood_com,4144
guard_io,3547
bitget_com,6618
alfabank_ru,2685
warwick_ac_uk,5534
caltech_edu,3427
o2_pl,4849
truyenqqno_com,3882
ntppool_org,1833
vihub_ru,3608
lcwss_com,8612
icc-cricket_com,7292
sexvid_pro,1591
vulture_com,5574
goo-net_com,6863
ana_co_jp,5280
virustotal_com,3663
cnki_net,5083
lotterysambadresult_in,1728
wow_xxx,1453
priceoye_pk,9100
securly_com,4444
watchguard_com,3144
thewrap_com,8542
youdao_com,5066
sundaysky_com,3418
ably_io,2890
freelancer_com,6968
ap_org,4502
vivastreet_co_uk,9005
hessen_de,5247
mks98_com,8240
canlidoviz_com,9446
escortsandbabes_com_au,9703
senate_gov,2390
fikfap_com,8252
kumanga_com,9376
pornarabi_net,9519
3gpking_name,9271
wikidata_org,6144
bitchute_com,6465
perfectdomain_com,3533
doctolib_fr,5350
makeup_com_ua,8042
pcgamer_com,3648
helsinki_fi,5701
hootsuite_com,3089
foursquare_com,3086
dan_com,7529
theiconic_com_au,4263
icicibank_com,5174
betpawa_co_tz,3852
coinmaster_com,7992
pokemon_com,5051
apachetoday_com,5931
dotmetrics_net,4336
amplify_com,5544
shipt_com,3781
otakudesu_best,8479
unwomen_org,5921
napiszex_com,9977
r-project_org,6443
giantpanda_com,3609
stripecdn_com,6068
kdocs_cn,7593
eghrmis_gov_my,3939
router-network_com,8462
aryion_com,7549
geico_com,7212
rojgarresult_com,9978
gendai_media,8150
joker_com,6729
momon-ga_com,1627
teacherspayteachers_com,4229
lis-skins_com,7268
nyaa_si,6140
distintas_net,8619
bambuser_com,7966
justindianporn_info,8753
zerocdn_com,2754
sinsay_com,6754
olx_com_br,1028
chronicle_com,9380
cloudinary_com,1007
ohio_gov,4729
vuejs_org,5845
belgium_be,6280
yammer_com,2531
flashscore_com_ve,9347
fivethirtyeight_com,8785
workspaceone_com,7746
webmotors_com_br,6410
mercadolibre_cl,6086
pin_it,4442
vercel_app,1823
orderchamp_com,261998
feverup_com,4389
ncore_pro,8450
voxya_com,522312
actualno_com,20645
brightcloud_com,3069
tvguia_es,9891
qpornosite_com,302478
europepmc_org,6734
facelift-cloud_com,436171
ommelanderziekenhuis_nl,482701
batch_com,4674
sileceksepeti_com,846588
piopio_dk,407400
gta5-mods_com,4842
cookiebot_com,2053
oregon_gov,6239
creditkarma_com,3705
escort_club,1660
nrk_no,4250
google_com_bn,8940
digi24_ro,7372
ixbt_com,1824
readgeek_com,200673
adafruit_com,8565
ultimate-guitar_com,1097
liveworksheets_com,9000
pro32connect_ru,6364
gameloft_com,3268
acheel_com,779441
messefrankfurt_com,8019
haberler_com,1318
xhaccess_com,1321
strava_com,2342
dhtservices_in,796932
xnxx_es,1421
homeadvisor_com,7499
ghoststorygames_com,350803
truelayer_com,40095
fullahead-buy_com,804994
tampabay_com,7883
7tv_app,6508
toast_com,9032
selfstudys_com,9290
ms1a_com,1673
complex_com,6422
oasisroyale_de,347961
eltiempo_es,1445
frost_co_uk,631255
jop-tennis_com,210338
adtollo_se,734157
4excelerate_org,776537
pauljamesknitwear_com,232424
remywiki_com,263081
goodnotes_com,8815
bswift_com,6935
miami_edu,6530
ajax_systems,7390
notepad-plus-plus_org,7456
supjav_com,1476
auctollo_com,6112
google_bi,7884
momvids_com,8533
kulturturizm_gov_tr,881085
fabricsandpapers_com,382061
yepporn_com,362738
braze_eu,3497
simplyrecipes_com,5472
ctvnews_ca,2875
eurosmi_ru,745245
property24_com,2021
unafut_com,521234
gointeract_io,293202
xxbrits_com,8103
epfindia_gov_in,1509
e-hentai_org,1334
gamma_app,3504
vidazoo_com,2376
sbnation_com,4979
surabaya_go_id,9729
feedly_com,3472
sxyprn_com,1442
towardsdatascience_com,8141
acninternational_org,466733
huanqiu_com,9819
hawaii_edu,3507
lovechoice_co_kr,822271
semrush_com,2246
starfinancial_com,497456
indianbfvideos_com,9948
cm-system_de,267421
speedfox_com,574316
esports-betting_pro,551723
tukif_porn,8207
languagetool_org,8634
aktuality_sk,6503
celtra_com,4596
lg_co_kr,2125
tapjoy_com,6764
eufylife_com,4614
mediamarkt_es,7866
hentaifox_com,7382
avtodim_com,784484
edjoinadmin_org,632657
dsca_gob_es,678855
retrostic_com,67175
kenua_net,254763
kansasprogress_com,248534
xdemvy_com,251737
bustedtees_com,316328
obywatel_gov_pl,287502
reddysports_com,841132
icaci_org,482399
sgvtribune_com,63873
hartstores_com,166227
ellevetsciences_com,510936
uzporno_site,169098
gektor-nsk_ru,511969
meetgu_ru,588806
hepsioutlet_istanbul,809788
nettrust_ch,318529
nebraska-machinery_com,645771
3punchiebukuro_info,635781
sputnikipogrom_com,308152
byline_network,331081
askaboutireland_ie,274743
powerpackaging_com_au,246651
abbasiandcompany_com,766322
llaun_ch,44226
syteca_com,600181
enquiresolutions_com,204144
mahaxpress_com,823374
hiive_com,252721
aedsuperstore_com,330215
bellatorlife_com,769783
gmo_com_pe,807136
onsports_gr,356860
ba-sachsen_de,408856
webelements_com,57727
starlight_org_au,661195
theflatlayco_com,852957
beets3_in,786040
cosatto_com,294077
footmarseille_com,174687
brela_go_tz,788968
univ-guyane_fr,438362
honey_com,198159
pfuevolution_com,836098
healthcostinstitute_org,883075
postal_pt,22862
craverapp_com,587125
tme_eu,28081
sumita_com_br,590359
ehou_edu_vn,733689
etamu_edu,231276
agroforum_hu,142414
sirket-kapatma_me,658459
childnet_com,159146
tatabet_live,211940
tradegatebsx_com,434046
123wrestling_com,627114
ochrance_cz,732859
keskeces_com,525634
emsgateway_net,524724
grandpashabet7020_com,265124
roudou-pro_com,570082
pacescheduler_com,517720
jiqizhixin_com,370456
hardcorepornpussy_com,809214
formflix_org,670022
livetennis_it,99319
hueandstripe_com,312100
arcadepunks_com,236896
firstinmath_in,446391
thetrustbuy_com,741296
eauzone-spa_com,799360
jaecoo_ru,367257
funke-next-level_de,166446
lizzieinlace_com,615051
gossipslots_eu,456174
rentrip_in,174137
colruytgroupacademy_be,746997
pinoydictionary_com,872051
kvinneguiden_no,72536
icewarp_com,78518
lamp24_se,471866
coleycooks_com,287406
valleycollege_edu,299931
integra_cl,378901
makecommerce_net,706213
nuvol_com,331518
xignite_com,107574
wellsfargorewards_com,340877
htsa_jp,729797
choratouaxoritou_gr,792170
pgurus_com,595182
ebonymgp_com,297637
tenaxtees_com,95132
pssjd_org,839152
tenping_kr,306452
azpornpics_com,459661
mrprint_com,430173
youporn_red,756421
squidbyte_com,502739
dexysonline_com,213548
globalart_dev,747136
bet03000_com,474227
edapp_com,73157
buildit_net,560122
babytel_net,270248
csa_gov_sg,242361
coneval_org_mx,326951
wristbuddys_com,485787
pehub_com,88712
surfside_io,24836
coalitioninc_com,192257
trucovamos_com,87681
easyit_com,245730
lubysinc_com,114054
momentumfitnesstally_com,730776
chu-nimes_fr,482388
annales_org,502199
wemety_com,860545
formdesigner_ru,328595
datasheetbank_com,115410
gethapn_com,455791
seu_ac_lk,557958
sayhentai_live,135363
dimsumdaily_hk,165814
misko_gr,749678
dacollege_co_in,119681
mrt168_co,265571
analyse-it_com,704770
aelf_io,892278
gac-armada-ulsk_ru,469024
9en_us,366386
ibommamovie_com,94350
wki_it,147378
moogsoft_com,312219
kocarky-vesela_cz,886567
fakedoor_store,193701
hyperdash_info,529537
stetson_eu,250045
leknit_com,741381
blogvistaglobal_com,525612
hfcommercialbank_com,809930
elwico_pl,871323
verdelliboutique_it,463015
librerias-picasso_com,543591
lawyerpanel_org,820209
pakolives_com_pk,290029
rustxt_ru,606857
caras_com_br,40272
berryglobal_com,153140
auzou_fr,502842
alegretetudo_com_br,335846
statflo_com,301669
farmacent_ru,625644
vsenovosti_life,347409
longisland_com,12690
powell_com,306579
fawry_com,405534
alan_sh,742169
freemeteo_rs,209870
idi_it,811910
dispofi_fr,549594
xite_com,48480
maryjane_ru,579828
intercity_technology,874279
vintagealert_com,429905
flybynightgraphics_com,171451
petcity_ee,835982
goldhips_com,807442
pokekarty_pl,648449
moms_porn,670627
jboard_io,743724
fecolsubsidio_com,803006
pip_world,133173
adm-nao_ru,83202
mtv_it,292603
xprt_com,272530
topautopecas_pt,523426
sokasaya_online,848142
batel_su,574743
chipsfind_com,532708
nltk_org,64119
amd_online,31754
arenasparkhq_com,358589
feyenoordpings_nl,803189
pinco-azerbaycan_top,553624
hanbat_ac_kr,176072
zeroharm_in,863798
web4africa_com,105675
orbus_com,488976
link-tap_com,515938
allthingsliberty_com,355825
nokenny_co,613140
youcineto_com,863086
a16zcrypto_com,107737
prefectures-regions_gouv_fr,838382
bakinsky-dvorik_ru,140395
ballparks_com,348978
todopelotaonline_com,699607
wordcount_com,505159
emmacruises_com,578951
aheltasarim_com_tr,780215
neuralframes_com,374864
sparkgamesoasis_com,870409
lasvelasdemariano_com,820076
database_earth,585899
mossad_gov_il,587597
stttekstil_ac_id,445099
baboon_eu,128973
ainsfwtools_com,701999
lekarnaskupaj_si,412220
cyoc_net,161669
vacanservice_com,542402
online-sociology_ru,586819
nissa-biysk_net,576212
cablemod_com,425033
consumerlaw_com,748084
mightycall_com,115240
siptrunk_com,121835
faitsdarmes_com,603419
foodfactor_net,767538
reshapebiotech_com,645864
anbusafety_com,461608
climapulse_com,793042
saobacdautelecom_vn,489124
typedb_com,729113
genckaya_com,806291
fava_com_ar,603420
boynton-beach_org,577297
smalltownstorefronts_com,701202
posterlounge_fr,491895
casinoencasa_com,790880
danone_in,411127
viranomainen_fi,324013
fibula_app,440729
omgwiki_org,153424
commoninja_com,33006
churchs_com,115390
xxmupsex_com,896089
nippon-animation_co_jp,521651
bcbsvt_com,561500
edcardaruba_aw,870617
mystake_win,671821
bzoing_ca,413381
phonicsandstuff_com,727645
tsukiglass_com,493551
inkaterra_com,531842
marriottvacationclub_com,111884
ncbfaa_org,896366
flick_com_au,473188
aslanneferler_org,720688
redrakegaming_com,88464
negoto_com,693692
jerseynavideno_com,814752
whiznet_com_au,737713
marugotoweb_jp,505952
automotiveaddicts_com,569544
muellercompany_com,763630
web-alt_ru,883295
tcsexpress_com,81745
pinkbus_ru,566969
imdrf_org,489028
betcio642_com,529390
qlifesnap_com,530857
finest-jobs_com,277730
megakino_do,254908
dlink_com_sg,372352
clinics_es,209368
hellenicnavy_gr,326798
citizenwatches_co_in,696588
readin_co_kr,840885
fox-it_com,218895
cleverq_de,272247
thedailyblog_co_nz,251297
debeste_de,68846
win5-apo388_xyz,860824
leatherology_com,188241
studyinjapan_go_jp,169494
perfumariasumire_com_br,475231
top-online-casino-melbet433_ru,272802
arabicnews_com,667247
24_ie,414833
sibgeo_com,609705
w1-skirtinipg_com,365008
micobertura_com_ar,826119
lecker_de,18492
rca_fr,626114
munchkintime_com,403050
internet-trade_eu,668766
centre-funeraire-marchetti_fr,791370
srpmic-nsn_gov,379436
recetasthermomix_cl,841017
procvetok_com,319572
masirahtv_net,320245
tvzota150_com,87450
chinafix_com,408469
allianz-partners_com,354526
mysoulmateprofile_com,829489
helloween_org,659814
homedesignlover_com,317619
thepleaseholdgroup_com,253468
mahogany-cachemire_fr,823424
textiledeal_in,628850
superbetin1763_com,266060
sedmai_org,765949
sundayguardianlive_com,114556
timo_cz,853719
calderra_com,323686
seasmiles_com,844817
cashmounty_com,790842
swift_ng,850887
vsezaimyonline_ru,343633
greenman_net,880358
karnatakasamachara_org,248537
dti_dk,160070
extreme190_live,94217
oz9_icu,497854
kids-centr_ru,276315
globalmcs_net,736354
gogo69m9_com,807306
mantl_com,162641
rusnano_com,239643
